{
  "dataset_name": "PMCPatients",
  "evaluation_time": "0.31 minutes",
  "model_name": "bge",
  "test": {
    "MAP@1": 0.05994,
    "MAP@10": 0.19375,
    "MAP@100": 0.19375,
    "MAP@25": 0.19375,
    "MAP@50": 0.19375,
    "MRR": 0.27272,
    "NDCG@1": 0.13158,
    "NDCG@10": 0.30215,
    "NDCG@100": 0.30215,
    "NDCG@25": 0.30215,
    "NDCG@50": 0.30215,
    "P@1": 0.13158,
    "P@10": 0.10526,
    "P@100": 0.01053,
    "P@25": 0.04211,
    "P@50": 0.02105,
    "Recall@1": 0.05994,
    "Recall@10": 0.5307,
    "Recall@100": 0.5307,
    "Recall@25": 0.5307,
    "Recall@50": 0.5307
  },
  "topk": 10
}