{
  "dataset_name": "IIYiPatients-EN",
  "evaluation_time": "0.8 minutes",
  "model_name": "bge",
  "test": {
    "MAP@1": 0.02054,
    "MAP@10": 0.04992,
    "MAP@100": 0.07963,
    "MAP@25": 0.06471,
    "MAP@50": 0.07304,
    "MRR": 0.16055,
    "NDCG@1": 0.06977,
    "NDCG@10": 0.09496,
    "NDCG@100": 0.22862,
    "NDCG@25": 0.14658,
    "NDCG@50": 0.18673,
    "P@1": 0.06977,
    "P@10": 0.04574,
    "P@100": 0.02109,
    "P@25": 0.03876,
    "P@50": 0.02977,
    "Recall@1": 0.02054,
    "Recall@10": 0.13346,
    "Recall@100": 0.59109,
    "Recall@25": 0.27829,
    "Recall@50": 0.41693
  },
  "topk": 100
}