{
  "dataset_name": "MedQA-Diag",
  "evaluation_time": "0.49 minutes",
  "model_name": "bge",
  "test": {
    "MAP@1": 0.01123,
    "MAP@10": 0.05087,
    "MAP@100": 0.07298,
    "MAP@25": 0.06016,
    "MAP@50": 0.06549,
    "MRR": 0.13385,
    "NDCG@1": 0.05085,
    "NDCG@10": 0.0886,
    "NDCG@100": 0.20294,
    "NDCG@25": 0.12085,
    "NDCG@50": 0.15234,
    "P@1": 0.05085,
    "P@10": 0.04746,
    "P@100": 0.02144,
    "P@25": 0.03288,
    "P@50": 0.02525,
    "Recall@1": 0.01123,
    "Recall@10": 0.11987,
    "Recall@100": 0.51616,
    "Recall@25": 0.20931,
    "Recall@50": 0.31852
  },
  "topk": 100
}