{
  "dataset_name": "MedXpertQA-Exam",
  "evaluation_time": "0.41 minutes",
  "model_name": "bge",
  "test": {
    "MAP@1": 0.01375,
    "MAP@10": 0.02912,
    "MAP@100": 0.03859,
    "MAP@25": 0.0321,
    "MAP@50": 0.03382,
    "MRR": 0.07163,
    "NDCG@1": 0.02062,
    "NDCG@10": 0.05053,
    "NDCG@100": 0.12302,
    "NDCG@25": 0.06543,
    "NDCG@50": 0.0759,
    "P@1": 0.02062,
    "P@10": 0.01959,
    "P@100": 0.01041,
    "P@25": 0.01237,
    "P@50": 0.00866,
    "Recall@1": 0.01375,
    "Recall@10": 0.08018,
    "Recall@100": 0.39667,
    "Recall@25": 0.1325,
    "Recall@50": 0.17205
  },
  "topk": 100
}