{
  "dataset_name": "PMC-Treat",
  "evaluation_time": "0.68 minutes",
  "model_name": "bge",
  "test": {
    "MAP@1": 0.00467,
    "MAP@10": 0.03181,
    "MAP@100": 0.05568,
    "MAP@25": 0.042,
    "MAP@50": 0.04882,
    "MRR": 0.07692,
    "NDCG@1": 0.01333,
    "NDCG@10": 0.0602,
    "NDCG@100": 0.20056,
    "NDCG@25": 0.09975,
    "NDCG@50": 0.14527,
    "P@1": 0.01333,
    "P@10": 0.024,
    "P@100": 0.0154,
    "P@25": 0.0208,
    "P@50": 0.01853,
    "Recall@1": 0.00467,
    "Recall@10": 0.11922,
    "Recall@100": 0.73011,
    "Recall@25": 0.25422,
    "Recall@50": 0.45533
  },
  "topk": 100
}