{
  "dataset_name": "PMCPatients",
  "evaluation_time": "0.54 minutes",
  "model_name": "bge",
  "test": {
    "MAP@1": 0.02997,
    "MAP@10": 0.07351,
    "MAP@100": 0.09948,
    "MAP@25": 0.08484,
    "MAP@50": 0.09263,
    "MRR": 0.14154,
    "NDCG@1": 0.05263,
    "NDCG@10": 0.12158,
    "NDCG@100": 0.2618,
    "NDCG@25": 0.16213,
    "NDCG@50": 0.20658,
    "P@1": 0.05263,
    "P@10": 0.04561,
    "P@100": 0.01711,
    "P@25": 0.02947,
    "P@50": 0.02263,
    "Recall@1": 0.02997,
    "Recall@10": 0.20322,
    "Recall@100": 0.80775,
    "Recall@25": 0.34064,
    "Recall@50": 0.5307
  },
  "topk": 100
}