{
  "dataset_name": "Stack-Medical",
  "evaluation_time": "0.37 minutes",
  "model_name": "bge",
  "test": {
    "MAP@1": 0.12094,
    "MAP@10": 0.21576,
    "MAP@100": 0.24849,
    "MAP@25": 0.23133,
    "MAP@50": 0.24152,
    "MRR": 0.33742,
    "NDCG@1": 0.21591,
    "NDCG@10": 0.28553,
    "NDCG@100": 0.42654,
    "NDCG@25": 0.33546,
    "NDCG@50": 0.38434,
    "P@1": 0.21591,
    "P@10": 0.07955,
    "P@100": 0.02455,
    "P@25": 0.05091,
    "P@50": 0.03636,
    "Recall@1": 0.12094,
    "Recall@10": 0.38509,
    "Recall@100": 0.90929,
    "Recall@25": 0.53465,
    "Recall@50": 0.72775
  },
  "topk": 100
}