{
  "dataset_name": "Stack-Bioinformatics",
  "evaluation_time": "0.33 minutes",
  "model_name": "bge",
  "test": {
    "MAP@1": 0.11732,
    "MAP@10": 0.20832,
    "MAP@100": 0.24265,
    "MAP@25": 0.22569,
    "MAP@50": 0.23459,
    "MRR": 0.30967,
    "NDCG@1": 0.19481,
    "NDCG@10": 0.28277,
    "NDCG@100": 0.4168,
    "NDCG@25": 0.32974,
    "NDCG@50": 0.37317,
    "P@1": 0.19481,
    "P@10": 0.08312,
    "P@100": 0.02571,
    "P@25": 0.05143,
    "P@50": 0.03714,
    "Recall@1": 0.11732,
    "Recall@10": 0.40567,
    "Recall@100": 0.87441,
    "Recall@25": 0.53714,
    "Recall@50": 0.69358
  },
  "topk": 100
}