{
  "dataset_name": "Stack-Biology",
  "evaluation_time": "0.42 minutes",
  "model_name": "bge",
  "test": {
    "MAP@1": 0.03936,
    "MAP@10": 0.08986,
    "MAP@100": 0.11416,
    "MAP@25": 0.10008,
    "MAP@50": 0.10548,
    "MRR": 0.21145,
    "NDCG@1": 0.13592,
    "NDCG@10": 0.14233,
    "NDCG@100": 0.25954,
    "NDCG@25": 0.167,
    "NDCG@50": 0.19287,
    "P@1": 0.13592,
    "P@10": 0.06117,
    "P@100": 0.02359,
    "P@25": 0.03612,
    "P@50": 0.02524,
    "Recall@1": 0.03936,
    "Recall@10": 0.1804,
    "Recall@100": 0.61934,
    "Recall@25": 0.2447,
    "Recall@50": 0.33668
  },
  "topk": 100
}