{
  "dataset_name": "BEIR_NFCorpus",
  "evaluation_time": "0.1 minutes",
  "model_name": "medcpt",
  "test": {
    "map_at_1": 0.04026,
    "map_at_10": 0.11459,
    "map_at_100": 0.14856,
    "map_at_3": 0.08028,
    "map_at_5": 0.09541,
    "ndcg_at_1": 0.39783,
    "ndcg_at_10": 0.32359,
    "ndcg_at_100": 0.29985,
    "ndcg_at_3": 0.36615,
    "ndcg_at_5": 0.35173,
    "precision_at_1": 0.41176,
    "precision_at_10": 0.2452,
    "precision_at_100": 0.0774,
    "precision_at_3": 0.34572,
    "precision_at_5": 0.31269,
    "recall_at_1": 0.04026,
    "recall_at_10": 0.16553,
    "recall_at_100": 0.31887,
    "recall_at_3": 0.0969,
    "recall_at_5": 0.12375
  }
}