{
  "dataset_name": "IIYiPatients-EN",
  "evaluation_time": "0.02 minutes",
  "model_name": "bge",
  "test": {
    "map_at_1": 0.05129,
    "map_at_10": 0.10662,
    "map_at_100": 0.13482,
    "map_at_3": 0.07881,
    "map_at_5": 0.0866,
    "ndcg_at_1": 0.17829,
    "ndcg_at_10": 0.17036,
    "ndcg_at_100": 0.28946,
    "ndcg_at_3": 0.14114,
    "ndcg_at_5": 0.13378,
    "precision_at_1": 0.17829,
    "precision_at_10": 0.07752,
    "precision_at_100": 0.02202,
    "precision_at_3": 0.12661,
    "precision_at_5": 0.09767,
    "recall_at_1": 0.05129,
    "recall_at_10": 0.20491,
    "recall_at_100": 0.61796,
    "recall_at_3": 0.09561,
    "recall_at_5": 0.1177
  }
}