{
  "dataset_name": "MedQA-Diag",
  "evaluation_time": "0.02 minutes",
  "model_name": "bge",
  "test": {
    "map_at_1": 0.10802,
    "map_at_10": 0.25798,
    "map_at_100": 0.2926,
    "map_at_3": 0.18907,
    "map_at_5": 0.22332,
    "ndcg_at_1": 0.35593,
    "ndcg_at_10": 0.34912,
    "ndcg_at_100": 0.45125,
    "ndcg_at_3": 0.33087,
    "ndcg_at_5": 0.32291,
    "precision_at_1": 0.35593,
    "precision_at_10": 0.16525,
    "precision_at_100": 0.03034,
    "precision_at_3": 0.29096,
    "precision_at_5": 0.23898,
    "recall_at_1": 0.10802,
    "recall_at_10": 0.38053,
    "recall_at_100": 0.70357,
    "recall_at_3": 0.22397,
    "recall_at_5": 0.28449
  }
}