{
  "dataset_name": "PMC-Treat",
  "evaluation_time": "0.02 minutes",
  "model_name": "bge",
  "test": {
    "map_at_1": 0.27489,
    "map_at_10": 0.38919,
    "map_at_100": 0.40184,
    "map_at_3": 0.36654,
    "map_at_5": 0.38062,
    "ndcg_at_1": 0.45333,
    "ndcg_at_10": 0.44547,
    "ndcg_at_100": 0.49794,
    "ndcg_at_3": 0.42718,
    "ndcg_at_5": 0.42951,
    "precision_at_1": 0.45333,
    "precision_at_10": 0.09667,
    "precision_at_100": 0.0142,
    "precision_at_3": 0.26,
    "precision_at_5": 0.17333,
    "recall_at_1": 0.27489,
    "recall_at_10": 0.48678,
    "recall_at_100": 0.693,
    "recall_at_3": 0.413,
    "recall_at_5": 0.44978
  }
}