{
  "dataset_name": "PMCPatients",
  "evaluation_time": "0.03 minutes",
  "model_name": "bge",
  "test": {
    "map_at_1": 0.09357,
    "map_at_10": 0.18063,
    "map_at_100": 0.19844,
    "map_at_3": 0.14011,
    "map_at_5": 0.16174,
    "ndcg_at_1": 0.2193,
    "ndcg_at_10": 0.24648,
    "ndcg_at_100": 0.33066,
    "ndcg_at_3": 0.17999,
    "ndcg_at_5": 0.20869,
    "precision_at_1": 0.2193,
    "precision_at_10": 0.07105,
    "precision_at_100": 0.01474,
    "precision_at_3": 0.12865,
    "precision_at_5": 0.10526,
    "recall_at_1": 0.09357,
    "recall_at_10": 0.3348,
    "recall_at_100": 0.66813,
    "recall_at_3": 0.17178,
    "recall_at_5": 0.23611
  }
}