{
  "dataset_name": "Stack-Medical",
  "evaluation_time": "0.01 minutes",
  "model_name": "bge",
  "test": {
    "map_at_1": 0.1595,
    "map_at_10": 0.3379,
    "map_at_100": 0.36397,
    "map_at_3": 0.2705,
    "map_at_5": 0.30694,
    "ndcg_at_1": 0.27273,
    "ndcg_at_10": 0.43973,
    "ndcg_at_100": 0.51884,
    "ndcg_at_3": 0.35057,
    "ndcg_at_5": 0.38885,
    "precision_at_1": 0.27273,
    "precision_at_10": 0.13864,
    "precision_at_100": 0.0233,
    "precision_at_3": 0.24242,
    "precision_at_5": 0.2,
    "recall_at_1": 0.1595,
    "recall_at_10": 0.60162,
    "recall_at_100": 0.87079,
    "recall_at_3": 0.36845,
    "recall_at_5": 0.46669
  }
}