{
  "dataset_name": "Stack-Bioinformatics",
  "evaluation_time": "0.02 minutes",
  "model_name": "bge",
  "test": {
    "map_at_1": 0.16311,
    "map_at_10": 0.29049,
    "map_at_100": 0.31653,
    "map_at_3": 0.22798,
    "map_at_5": 0.27131,
    "ndcg_at_1": 0.2987,
    "ndcg_at_10": 0.37617,
    "ndcg_at_100": 0.46223,
    "ndcg_at_3": 0.31343,
    "ndcg_at_5": 0.35578,
    "precision_at_1": 0.2987,
    "precision_at_10": 0.12078,
    "precision_at_100": 0.02221,
    "precision_at_3": 0.21212,
    "precision_at_5": 0.18961,
    "recall_at_1": 0.16311,
    "recall_at_10": 0.4658,
    "recall_at_100": 0.76418,
    "recall_at_3": 0.29627,
    "recall_at_5": 0.40895
  }
}