{
  "dataset_name": "PMCPatients",
  "evaluation_time": "0.06 minutes",
  "model_name": "bge",
  "test": {
    "map_at_1": 0.07164,
    "map_at_10": 0.14851,
    "map_at_100": 0.16909,
    "map_at_3": 0.11806,
    "map_at_5": 0.13958,
    "ndcg_at_1": 0.14912,
    "ndcg_at_10": 0.20218,
    "ndcg_at_100": 0.29048,
    "ndcg_at_3": 0.15147,
    "ndcg_at_5": 0.18113,
    "precision_at_1": 0.14912,
    "precision_at_10": 0.05789,
    "precision_at_100": 0.01351,
    "precision_at_3": 0.11111,
    "precision_at_5": 0.09298,
    "recall_at_1": 0.07164,
    "recall_at_10": 0.27193,
    "recall_at_100": 0.61111,
    "recall_at_3": 0.15643,
    "recall_at_5": 0.2193
  }
}