{
  "dataset_name": "BEIR_NFCorpus",
  "evaluation_time": "0.16 minutes",
  "model_name": "bge",
  "test": {
    "map_at_1": 0.06777,
    "map_at_10": 0.14923,
    "map_at_100": 0.18955,
    "map_at_3": 0.10982,
    "map_at_5": 0.12679,
    "ndcg_at_1": 0.46594,
    "ndcg_at_10": 0.38129,
    "ndcg_at_100": 0.35545,
    "ndcg_at_3": 0.43026,
    "ndcg_at_5": 0.41055,
    "precision_at_1": 0.47988,
    "precision_at_10": 0.28111,
    "precision_at_100": 0.08929,
    "precision_at_3": 0.40144,
    "precision_at_5": 0.35232,
    "recall_at_1": 0.06777,
    "recall_at_10": 0.19289,
    "recall_at_100": 0.3638,
    "recall_at_3": 0.11869,
    "recall_at_5": 0.14999
  }
}