{
  "dataset_name": "IIYiPatients-EN",
  "evaluation_time": "0.64 minutes",
  "model_name": "nv",
  "test": {
    "map_at_1": 0.05762,
    "map_at_10": 0.13825,
    "map_at_100": 0.17293,
    "map_at_3": 0.10469,
    "map_at_5": 0.12323,
    "ndcg_at_1": 0.13953,
    "ndcg_at_10": 0.2047,
    "ndcg_at_100": 0.33123,
    "ndcg_at_3": 0.16247,
    "ndcg_at_5": 0.17535,
    "precision_at_1": 0.13953,
    "precision_at_10": 0.08915,
    "precision_at_100": 0.02442,
    "precision_at_3": 0.13695,
    "precision_at_5": 0.12248,
    "recall_at_1": 0.05762,
    "recall_at_10": 0.25646,
    "recall_at_100": 0.6761,
    "recall_at_3": 0.14302,
    "recall_at_5": 0.19225
  }
}