{
  "dataset_name": "MedQA-Diag",
  "evaluation_time": "0.2 minutes",
  "model_name": "nv",
  "test": {
    "map_at_1": 0.09118,
    "map_at_10": 0.30667,
    "map_at_100": 0.34828,
    "map_at_3": 0.21739,
    "map_at_5": 0.26109,
    "ndcg_at_1": 0.39831,
    "ndcg_at_10": 0.40304,
    "ndcg_at_100": 0.50827,
    "ndcg_at_3": 0.383,
    "ndcg_at_5": 0.37173,
    "precision_at_1": 0.39831,
    "precision_at_10": 0.2,
    "precision_at_100": 0.03356,
    "precision_at_3": 0.35311,
    "precision_at_5": 0.28644,
    "recall_at_1": 0.09118,
    "recall_at_10": 0.44874,
    "recall_at_100": 0.77001,
    "recall_at_3": 0.26291,
    "recall_at_5": 0.33543
  }
}