{
  "dataset_name": "MedXpertQA-Exam",
  "evaluation_time": "0.2 minutes",
  "model_name": "nv",
  "test": {
    "map_at_1": 0.12527,
    "map_at_10": 0.2138,
    "map_at_100": 0.2416,
    "map_at_3": 0.17618,
    "map_at_5": 0.19734,
    "ndcg_at_1": 0.25773,
    "ndcg_at_10": 0.28995,
    "ndcg_at_100": 0.38809,
    "ndcg_at_3": 0.24295,
    "ndcg_at_5": 0.26067,
    "precision_at_1": 0.25773,
    "precision_at_10": 0.09485,
    "precision_at_100": 0.02052,
    "precision_at_3": 0.17526,
    "precision_at_5": 0.14433,
    "recall_at_1": 0.12527,
    "recall_at_10": 0.35447,
    "recall_at_100": 0.69759,
    "recall_at_3": 0.21394,
    "recall_at_5": 0.2772
  }
}