{
  "dataset_name": "PMC-Treat",
  "evaluation_time": "0.41 minutes",
  "model_name": "nv",
  "test": {
    "map_at_1": 0.28233,
    "map_at_10": 0.42189,
    "map_at_100": 0.43853,
    "map_at_3": 0.38983,
    "map_at_5": 0.40576,
    "ndcg_at_1": 0.48667,
    "ndcg_at_10": 0.48972,
    "ndcg_at_100": 0.55126,
    "ndcg_at_3": 0.46021,
    "ndcg_at_5": 0.45777,
    "precision_at_1": 0.48667,
    "precision_at_10": 0.11333,
    "precision_at_100": 0.0166,
    "precision_at_3": 0.28889,
    "precision_at_5": 0.192,
    "recall_at_1": 0.28233,
    "recall_at_10": 0.54878,
    "recall_at_100": 0.798,
    "recall_at_3": 0.43133,
    "recall_at_5": 0.46711
  }
}