{
  "dataset_name": "PMCPatients",
  "evaluation_time": "0.23 minutes",
  "model_name": "nv",
  "test": {
    "map_at_1": 0.23977,
    "map_at_10": 0.42754,
    "map_at_100": 0.4483,
    "map_at_3": 0.3711,
    "map_at_5": 0.40948,
    "ndcg_at_1": 0.4386,
    "ndcg_at_10": 0.50863,
    "ndcg_at_100": 0.57947,
    "ndcg_at_3": 0.43663,
    "ndcg_at_5": 0.47562,
    "precision_at_1": 0.4386,
    "precision_at_10": 0.12807,
    "precision_at_100": 0.01877,
    "precision_at_3": 0.29532,
    "precision_at_5": 0.2193,
    "recall_at_1": 0.23977,
    "recall_at_10": 0.61038,
    "recall_at_100": 0.86988,
    "recall_at_3": 0.43933,
    "recall_at_5": 0.52997
  }
}