{
  "dataset_name": "Stack-Bioinformatics",
  "evaluation_time": "0.27 minutes",
  "model_name": "nv",
  "test": {
    "map_at_1": 0.24471,
    "map_at_10": 0.46186,
    "map_at_100": 0.49184,
    "map_at_3": 0.38588,
    "map_at_5": 0.42765,
    "ndcg_at_1": 0.45455,
    "ndcg_at_10": 0.55897,
    "ndcg_at_100": 0.63205,
    "ndcg_at_3": 0.49882,
    "ndcg_at_5": 0.52211,
    "precision_at_1": 0.45455,
    "precision_at_10": 0.17143,
    "precision_at_100": 0.02675,
    "precision_at_3": 0.34632,
    "precision_at_5": 0.26234,
    "recall_at_1": 0.24471,
    "recall_at_10": 0.68188,
    "recall_at_100": 0.90206,
    "recall_at_3": 0.47432,
    "recall_at_5": 0.57327
  }
}