{
  "dataset_name": "Stack-Medical",
  "evaluation_time": "0.19 minutes",
  "model_name": "nv",
  "test": {
    "map_at_1": 0.22123,
    "map_at_10": 0.41419,
    "map_at_100": 0.44228,
    "map_at_3": 0.33737,
    "map_at_5": 0.37516,
    "ndcg_at_1": 0.36364,
    "ndcg_at_10": 0.51281,
    "ndcg_at_100": 0.5959,
    "ndcg_at_3": 0.42701,
    "ndcg_at_5": 0.45811,
    "precision_at_1": 0.36364,
    "precision_at_10": 0.15682,
    "precision_at_100": 0.02534,
    "precision_at_3": 0.28788,
    "precision_at_5": 0.22727,
    "recall_at_1": 0.22123,
    "recall_at_10": 0.6582,
    "recall_at_100": 0.92996,
    "recall_at_3": 0.42123,
    "recall_at_5": 0.51836
  }
}