{
  "dataset_name": "Stack-Biology",
  "evaluation_time": "0.22 minutes",
  "model_name": "nv",
  "test": {
    "map_at_1": 0.09417,
    "map_at_10": 0.25671,
    "map_at_100": 0.28698,
    "map_at_3": 0.18082,
    "map_at_5": 0.2213,
    "ndcg_at_1": 0.29126,
    "ndcg_at_10": 0.34014,
    "ndcg_at_100": 0.43125,
    "ndcg_at_3": 0.29908,
    "ndcg_at_5": 0.31115,
    "precision_at_1": 0.29126,
    "precision_at_10": 0.15049,
    "precision_at_100": 0.02709,
    "precision_at_3": 0.26861,
    "precision_at_5": 0.21942,
    "recall_at_1": 0.09417,
    "recall_at_10": 0.39636,
    "recall_at_100": 0.70827,
    "recall_at_3": 0.22792,
    "recall_at_5": 0.30277
  }
}