{
  "dataset_name": "IIYiPatients-EN",
  "evaluation_time": "0.31 minutes",
  "model_name": "bm25",
  "test": {
    "MAP@1": 0.01279,
    "MAP@10": 0.03175,
    "MAP@100": 0.04542,
    "MAP@25": 0.03899,
    "MAP@50": 0.04288,
    "MRR": 0.09154,
    "NDCG@1": 0.05426,
    "NDCG@10": 0.05534,
    "NDCG@100": 0.12303,
    "NDCG@25": 0.07856,
    "NDCG@50": 0.10122,
    "P@1": 0.05426,
    "P@10": 0.02946,
    "P@100": 0.0114,
    "P@25": 0.02047,
    "P@50": 0.01597,
    "Recall@1": 0.01279,
    "Recall@10": 0.07261,
    "Recall@100": 0.30749,
    "Recall@25": 0.13889,
    "Recall@50": 0.21718
  }
}