{
  "dataset_name": "MedQA-Diag",
  "evaluation_time": "0.37 minutes",
  "model_name": "bm25",
  "test": {
    "MAP@1": 0.02982,
    "MAP@10": 0.09103,
    "MAP@100": 0.10579,
    "MAP@25": 0.10033,
    "MAP@50": 0.1036,
    "MRR": 0.17892,
    "NDCG@1": 0.11017,
    "NDCG@10": 0.13175,
    "NDCG@100": 0.19234,
    "NDCG@25": 0.15763,
    "NDCG@50": 0.17505,
    "P@1": 0.11017,
    "P@10": 0.06356,
    "P@100": 0.01432,
    "P@25": 0.03661,
    "P@50": 0.02339,
    "Recall@1": 0.02982,
    "Recall@10": 0.16721,
    "Recall@100": 0.369,
    "Recall@25": 0.23672,
    "Recall@50": 0.29547
  }
}