{
  "dataset_name": "MedXpertQA-Exam",
  "evaluation_time": "0.36 minutes",
  "model_name": "bm25",
  "test": {
    "MAP@1": 0.02106,
    "MAP@10": 0.03508,
    "MAP@100": 0.04293,
    "MAP@25": 0.04036,
    "MAP@50": 0.04136,
    "MRR": 0.08488,
    "NDCG@1": 0.06186,
    "NDCG@10": 0.05475,
    "NDCG@100": 0.09904,
    "NDCG@25": 0.07694,
    "NDCG@50": 0.08312,
    "P@1": 0.06186,
    "P@10": 0.01959,
    "P@100": 0.0068,
    "P@25": 0.01443,
    "P@50": 0.00887,
    "Recall@1": 0.02106,
    "Recall@10": 0.07889,
    "Recall@100": 0.24578,
    "Recall@25": 0.15778,
    "Recall@50": 0.17892
  }
}