{
  "dataset_name": "PMC-Treat",
  "evaluation_time": "0.18 minutes",
  "model_name": "bm25",
  "test": {
    "MAP@1": 0.18678,
    "MAP@10": 0.27012,
    "MAP@100": 0.28358,
    "MAP@25": 0.27791,
    "MAP@50": 0.28221,
    "MRR": 0.34634,
    "NDCG@1": 0.26667,
    "NDCG@10": 0.31657,
    "NDCG@100": 0.37934,
    "NDCG@25": 0.34456,
    "NDCG@50": 0.36799,
    "P@1": 0.26667,
    "P@10": 0.07,
    "P@100": 0.01247,
    "P@25": 0.036,
    "P@50": 0.02227,
    "Recall@1": 0.18678,
    "Recall@10": 0.38267,
    "Recall@100": 0.62856,
    "Recall@25": 0.47644,
    "Recall@50": 0.57389
  }
}