{
  "dataset_name": "PMCPatients",
  "evaluation_time": "0.85 minutes",
  "model_name": "bm25",
  "test": {
    "MAP@1": 0.07968,
    "MAP@10": 0.15879,
    "MAP@100": 0.17502,
    "MAP@25": 0.16828,
    "MAP@50": 0.17309,
    "MRR": 0.21832,
    "NDCG@1": 0.14035,
    "NDCG@10": 0.19693,
    "NDCG@100": 0.27114,
    "NDCG@25": 0.2278,
    "NDCG@50": 0.25338,
    "P@1": 0.14035,
    "P@10": 0.05526,
    "P@100": 0.01202,
    "P@25": 0.03158,
    "P@50": 0.02035,
    "Recall@1": 0.07968,
    "Recall@10": 0.24854,
    "Recall@100": 0.54313,
    "Recall@25": 0.34649,
    "Recall@50": 0.45322
  }
}