{
  "dataset_name": "Stack-Biology",
  "evaluation_time": "0.21 minutes",
  "model_name": "bm25",
  "test": {
    "MAP@1": 0.10596,
    "MAP@10": 0.27846,
    "MAP@100": 0.30113,
    "MAP@25": 0.29342,
    "MAP@50": 0.29806,
    "MRR": 0.42187,
    "NDCG@1": 0.33981,
    "NDCG@10": 0.34385,
    "NDCG@100": 0.4206,
    "NDCG@25": 0.37908,
    "NDCG@50": 0.39934,
    "P@1": 0.33981,
    "P@10": 0.13495,
    "P@100": 0.02291,
    "P@25": 0.06951,
    "P@50": 0.04,
    "Recall@1": 0.10596,
    "Recall@10": 0.37701,
    "Recall@100": 0.64347,
    "Recall@25": 0.47896,
    "Recall@50": 0.54994
  }
}