{
  "dataset_name": "Stack-Bioinformatics",
  "evaluation_time": "0.25 minutes",
  "model_name": "bm25",
  "test": {
    "MAP@1": 0.05748,
    "MAP@10": 0.14078,
    "MAP@100": 0.16304,
    "MAP@25": 0.15134,
    "MAP@50": 0.15657,
    "MRR": 0.21712,
    "NDCG@1": 0.11688,
    "NDCG@10": 0.20311,
    "NDCG@100": 0.30224,
    "NDCG@25": 0.23831,
    "NDCG@50": 0.26125,
    "P@1": 0.11688,
    "P@10": 0.06623,
    "P@100": 0.01935,
    "P@25": 0.04,
    "P@50": 0.02597,
    "Recall@1": 0.05748,
    "Recall@10": 0.31449,
    "Recall@100": 0.67104,
    "Recall@25": 0.416,
    "Recall@50": 0.49683
  }
}