{
  "dataset_name": "Stack-Medical",
  "evaluation_time": "0.17 minutes",
  "model_name": "bm25",
  "test": {
    "MAP@1": 0.13722,
    "MAP@10": 0.2358,
    "MAP@100": 0.25852,
    "MAP@25": 0.2521,
    "MAP@50": 0.25623,
    "MRR": 0.32247,
    "NDCG@1": 0.20455,
    "NDCG@10": 0.30039,
    "NDCG@100": 0.38073,
    "NDCG@25": 0.34243,
    "NDCG@50": 0.36478,
    "P@1": 0.20455,
    "P@10": 0.08977,
    "P@100": 0.01807,
    "P@25": 0.05227,
    "P@50": 0.03114,
    "Recall@1": 0.13722,
    "Recall@10": 0.39644,
    "Recall@100": 0.67449,
    "Recall@25": 0.51507,
    "Recall@50": 0.6043
  }
}