{
  "dataset_name": "IIYiPatients-EN",
  "evaluation_time": "0.61 minutes",
  "model_name": "mono",
  "test": {
    "MAP@1": 0.03282,
    "MAP@10": 0.06618,
    "MAP@100": 0.09411,
    "MAP@25": 0.07728,
    "MAP@50": 0.08848,
    "MRR": 0.18279,
    "NDCG@1": 0.09302,
    "NDCG@10": 0.11213,
    "NDCG@100": 0.24189,
    "NDCG@25": 0.15525,
    "NDCG@50": 0.21062,
    "P@1": 0.09302,
    "P@10": 0.04729,
    "P@100": 0.02109,
    "P@25": 0.03659,
    "P@50": 0.03225,
    "Recall@1": 0.03282,
    "Recall@10": 0.14897,
    "Recall@100": 0.59109,
    "Recall@25": 0.27067,
    "Recall@50": 0.46718
  },
  "topk": 100
}