{
  "dataset_name": "MedQA-Diag",
  "evaluation_time": "0.42 minutes",
  "model_name": "mono",
  "test": {
    "MAP@1": 0.01398,
    "MAP@10": 0.04288,
    "MAP@100": 0.0644,
    "MAP@25": 0.05068,
    "MAP@50": 0.0567,
    "MRR": 0.12015,
    "NDCG@1": 0.05085,
    "NDCG@10": 0.07904,
    "NDCG@100": 0.19434,
    "NDCG@25": 0.10579,
    "NDCG@50": 0.1376,
    "P@1": 0.05085,
    "P@10": 0.04068,
    "P@100": 0.02144,
    "P@25": 0.02847,
    "P@50": 0.02373,
    "Recall@1": 0.01398,
    "Recall@10": 0.113,
    "Recall@100": 0.51616,
    "Recall@25": 0.18218,
    "Recall@50": 0.28549
  },
  "topk": 100
}