{
  "dataset_name": "MedXpertQA-Exam",
  "evaluation_time": "0.35 minutes",
  "model_name": "mono",
  "test": {
    "MAP@1": 0.0,
    "MAP@10": 0.0127,
    "MAP@100": 0.02475,
    "MAP@25": 0.01727,
    "MAP@50": 0.02054,
    "MRR": 0.04843,
    "NDCG@1": 0.0,
    "NDCG@10": 0.03035,
    "NDCG@100": 0.11149,
    "NDCG@25": 0.05021,
    "NDCG@50": 0.07443,
    "P@1": 0.0,
    "P@10": 0.01546,
    "P@100": 0.01041,
    "P@25": 0.01278,
    "P@50": 0.01134,
    "Recall@1": 0.0,
    "Recall@10": 0.05749,
    "Recall@100": 0.39667,
    "Recall@25": 0.1215,
    "Recall@50": 0.22547
  },
  "topk": 100
}