{
  "dataset_name": "PMC-Treat",
  "evaluation_time": "0.59 minutes",
  "model_name": "mono",
  "test": {
    "MAP@1": 0.10378,
    "MAP@10": 0.17179,
    "MAP@100": 0.19243,
    "MAP@25": 0.18256,
    "MAP@50": 0.18776,
    "MRR": 0.27918,
    "NDCG@1": 0.17333,
    "NDCG@10": 0.22838,
    "NDCG@100": 0.33095,
    "NDCG@25": 0.26593,
    "NDCG@50": 0.29578,
    "P@1": 0.17333,
    "P@10": 0.06067,
    "P@100": 0.0154,
    "P@25": 0.0344,
    "P@50": 0.0224,
    "Recall@1": 0.10378,
    "Recall@10": 0.30222,
    "Recall@100": 0.73011,
    "Recall@25": 0.43078,
    "Recall@50": 0.563
  },
  "topk": 100
}