{
  "dataset_name": "PMCPatients",
  "evaluation_time": "0.45 minutes",
  "model_name": "mono",
  "test": {
    "MAP@1": 0.10088,
    "MAP@10": 0.15579,
    "MAP@100": 0.18414,
    "MAP@25": 0.1707,
    "MAP@50": 0.17907,
    "MRR": 0.26252,
    "NDCG@1": 0.17544,
    "NDCG@10": 0.20492,
    "NDCG@100": 0.33848,
    "NDCG@25": 0.25468,
    "NDCG@50": 0.29599,
    "P@1": 0.17544,
    "P@10": 0.05351,
    "P@100": 0.01711,
    "P@25": 0.03579,
    "P@50": 0.02579,
    "Recall@1": 0.10088,
    "Recall@10": 0.26023,
    "Recall@100": 0.80775,
    "Recall@25": 0.41886,
    "Recall@50": 0.58699
  },
  "topk": 100
}