{
  "dataset_name": "Stack-Biology",
  "evaluation_time": "0.43 minutes",
  "model_name": "mono",
  "test": {
    "MAP@1": 0.02194,
    "MAP@10": 0.04344,
    "MAP@100": 0.06884,
    "MAP@25": 0.05148,
    "MAP@50": 0.05804,
    "MRR": 0.13577,
    "NDCG@1": 0.07767,
    "NDCG@10": 0.07426,
    "NDCG@100": 0.2141,
    "NDCG@25": 0.10281,
    "NDCG@50": 0.1341,
    "P@1": 0.07767,
    "P@10": 0.03495,
    "P@100": 0.02359,
    "P@25": 0.02447,
    "P@50": 0.02097,
    "Recall@1": 0.02194,
    "Recall@10": 0.08503,
    "Recall@100": 0.61934,
    "Recall@25": 0.17286,
    "Recall@50": 0.28311
  },
  "topk": 100
}