{
  "dataset_name": "Stack-Bioinformatics",
  "evaluation_time": "0.29 minutes",
  "model_name": "mono",
  "test": {
    "MAP@1": 0.04623,
    "MAP@10": 0.17863,
    "MAP@100": 0.21196,
    "MAP@25": 0.19535,
    "MAP@50": 0.20582,
    "MRR": 0.27865,
    "NDCG@1": 0.1039,
    "NDCG@10": 0.27012,
    "NDCG@100": 0.39544,
    "NDCG@25": 0.31753,
    "NDCG@50": 0.36218,
    "P@1": 0.1039,
    "P@10": 0.1039,
    "P@100": 0.02571,
    "P@25": 0.06026,
    "P@50": 0.04052,
    "Recall@1": 0.04623,
    "Recall@10": 0.42775,
    "Recall@100": 0.87441,
    "Recall@25": 0.56691,
    "Recall@50": 0.73615
  },
  "topk": 100
}