{
  "dataset_name": "Stack-Medical",
  "evaluation_time": "0.33 minutes",
  "model_name": "mono",
  "test": {
    "MAP@1": 0.1108,
    "MAP@10": 0.22419,
    "MAP@100": 0.25408,
    "MAP@25": 0.23995,
    "MAP@50": 0.24642,
    "MRR": 0.30642,
    "NDCG@1": 0.17045,
    "NDCG@10": 0.29663,
    "NDCG@100": 0.42582,
    "NDCG@25": 0.34334,
    "NDCG@50": 0.37597,
    "P@1": 0.17045,
    "P@10": 0.08977,
    "P@100": 0.02455,
    "P@25": 0.05273,
    "P@50": 0.03409,
    "Recall@1": 0.1108,
    "Recall@10": 0.422,
    "Recall@100": 0.90929,
    "Recall@25": 0.56802,
    "Recall@50": 0.69307
  },
  "topk": 100
}