{
  "dataset_name": "IIYiPatients-EN",
  "evaluation_time": "0.34 minutes",
  "model_name": "bm25",
  "test": {
    "MAP@1": 0.0186,
    "MAP@10": 0.04924,
    "MAP@100": 0.05798,
    "MAP@25": 0.05364,
    "MAP@50": 0.05625,
    "MRR": 0.12973,
    "NDCG@1": 0.06977,
    "NDCG@10": 0.07856,
    "NDCG@100": 0.12871,
    "NDCG@25": 0.09716,
    "NDCG@50": 0.11381,
    "P@1": 0.06977,
    "P@10": 0.03721,
    "P@100": 0.00992,
    "P@25": 0.02264,
    "P@50": 0.01519,
    "Recall@1": 0.0186,
    "Recall@10": 0.09057,
    "Recall@100": 0.27106,
    "Recall@25": 0.14289,
    "Recall@50": 0.20904
  }
}