{
  "dataset_name": "MedQA-Diag",
  "evaluation_time": "0.37 minutes",
  "model_name": "bm25",
  "test": {
    "MAP@1": 0.16613,
    "MAP@10": 0.45224,
    "MAP@100": 0.49133,
    "MAP@25": 0.4827,
    "MAP@50": 0.48993,
    "MRR": 0.645,
    "NDCG@1": 0.52542,
    "NDCG@10": 0.55224,
    "NDCG@100": 0.63839,
    "NDCG@25": 0.61008,
    "NDCG@50": 0.63124,
    "P@1": 0.52542,
    "P@10": 0.25932,
    "P@100": 0.03686,
    "P@25": 0.12983,
    "P@50": 0.07119,
    "Recall@1": 0.16613,
    "Recall@10": 0.60312,
    "Recall@100": 0.85105,
    "Recall@25": 0.75522,
    "Recall@50": 0.82398
  }
}