{
  "dataset_name": "MedXpertQA-Exam",
  "evaluation_time": "0.37 minutes",
  "model_name": "bm25",
  "test": {
    "MAP@1": 0.12811,
    "MAP@10": 0.25522,
    "MAP@100": 0.28408,
    "MAP@25": 0.27407,
    "MAP@50": 0.2816,
    "MRR": 0.42369,
    "NDCG@1": 0.30928,
    "NDCG@10": 0.34641,
    "NDCG@100": 0.43887,
    "NDCG@25": 0.39596,
    "NDCG@50": 0.42522,
    "P@1": 0.30928,
    "P@10": 0.12474,
    "P@100": 0.02278,
    "P@25": 0.06845,
    "P@50": 0.04103,
    "Recall@1": 0.12811,
    "Recall@10": 0.44273,
    "Recall@100": 0.75842,
    "Recall@25": 0.59466,
    "Recall@50": 0.70412
  }
}