{
  "dataset_name": "PMC-Treat",
  "evaluation_time": "0.19 minutes",
  "model_name": "bm25",
  "test": {
    "MAP@1": 0.24356,
    "MAP@10": 0.35778,
    "MAP@100": 0.37446,
    "MAP@25": 0.36953,
    "MAP@50": 0.37273,
    "MRR": 0.45415,
    "NDCG@1": 0.36667,
    "NDCG@10": 0.41654,
    "NDCG@100": 0.47762,
    "NDCG@25": 0.4446,
    "NDCG@50": 0.46203,
    "P@1": 0.36667,
    "P@10": 0.09467,
    "P@100": 0.0148,
    "P@25": 0.04613,
    "P@50": 0.02653,
    "Recall@1": 0.24356,
    "Recall@10": 0.48978,
    "Recall@100": 0.72956,
    "Recall@25": 0.57922,
    "Recall@50": 0.64911
  }
}