{
  "dataset_name": "PMCPatients",
  "evaluation_time": "0.91 minutes",
  "model_name": "bm25",
  "test": {
    "MAP@1": 0.18129,
    "MAP@10": 0.28915,
    "MAP@100": 0.30614,
    "MAP@25": 0.29806,
    "MAP@50": 0.30309,
    "MRR": 0.42451,
    "NDCG@1": 0.33333,
    "NDCG@10": 0.35321,
    "NDCG@100": 0.43368,
    "NDCG@25": 0.38516,
    "NDCG@50": 0.41142,
    "P@1": 0.33333,
    "P@10": 0.09211,
    "P@100": 0.01623,
    "P@25": 0.04596,
    "P@50": 0.02772,
    "Recall@1": 0.18129,
    "Recall@10": 0.41009,
    "Recall@100": 0.7383,
    "Recall@25": 0.51901,
    "Recall@50": 0.63012
  }
}