{
  "dataset_name": "Stack-Biology",
  "evaluation_time": "0.22 minutes",
  "model_name": "bm25",
  "test": {
    "MAP@1": 0.2272,
    "MAP@10": 0.49514,
    "MAP@100": 0.52355,
    "MAP@25": 0.51496,
    "MAP@50": 0.52125,
    "MRR": 0.70981,
    "NDCG@1": 0.63107,
    "NDCG@10": 0.59654,
    "NDCG@100": 0.66374,
    "NDCG@25": 0.63301,
    "NDCG@50": 0.65097,
    "P@1": 0.63107,
    "P@10": 0.22816,
    "P@100": 0.03184,
    "P@25": 0.10913,
    "P@50": 0.05942,
    "Recall@1": 0.2272,
    "Recall@10": 0.64083,
    "Recall@100": 0.86153,
    "Recall@25": 0.75057,
    "Recall@50": 0.81133
  }
}