{
  "dataset_name": "Stack-Bioinformatics",
  "evaluation_time": "0.26 minutes",
  "model_name": "bm25",
  "test": {
    "MAP@1": 0.19828,
    "MAP@10": 0.36635,
    "MAP@100": 0.3967,
    "MAP@25": 0.38554,
    "MAP@50": 0.39435,
    "MRR": 0.52611,
    "NDCG@1": 0.37662,
    "NDCG@10": 0.4656,
    "NDCG@100": 0.55051,
    "NDCG@25": 0.51058,
    "NDCG@50": 0.53856,
    "P@1": 0.37662,
    "P@10": 0.13896,
    "P@100": 0.02429,
    "P@25": 0.07429,
    "P@50": 0.04494,
    "Recall@1": 0.19828,
    "Recall@10": 0.58581,
    "Recall@100": 0.85269,
    "Recall@25": 0.7085,
    "Recall@50": 0.80255
  }
}