{
  "dataset_name": "Stack-Medical",
  "evaluation_time": "0.17 minutes",
  "model_name": "bm25",
  "test": {
    "MAP@1": 0.24777,
    "MAP@10": 0.3868,
    "MAP@100": 0.41266,
    "MAP@25": 0.40345,
    "MAP@50": 0.40928,
    "MRR": 0.53261,
    "NDCG@1": 0.39773,
    "NDCG@10": 0.47168,
    "NDCG@100": 0.55554,
    "NDCG@25": 0.51175,
    "NDCG@50": 0.53439,
    "P@1": 0.39773,
    "P@10": 0.13068,
    "P@100": 0.02261,
    "P@25": 0.06545,
    "P@50": 0.03841,
    "Recall@1": 0.24777,
    "Recall@10": 0.55871,
    "Recall@100": 0.8487,
    "Recall@25": 0.68075,
    "Recall@50": 0.76186
  }
}