{
  "dataset_name": "BEIR_NFCorpus",
  "evaluation_time": "0.33 minutes",
  "model_name": "bmr-2b",
  "test": {
    "map_at_1": 0.05995,
    "map_at_10": 0.12952,
    "map_at_100": 0.16048,
    "map_at_3": 0.09735,
    "map_at_5": 0.11208,
    "ndcg_at_1": 0.44427,
    "ndcg_at_10": 0.34527,
    "ndcg_at_100": 0.31454,
    "ndcg_at_3": 0.40234,
    "ndcg_at_5": 0.37698,
    "precision_at_1": 0.4582,
    "precision_at_10": 0.25201,
    "precision_at_100": 0.07728,
    "precision_at_3": 0.37564,
    "precision_at_5": 0.32322,
    "recall_at_1": 0.05995,
    "recall_at_10": 0.16485,
    "recall_at_100": 0.31754,
    "recall_at_3": 0.10644,
    "recall_at_5": 0.13238
  }
}