{
  "dataset_name": "BEIR_NFCorpus",
  "evaluation_time": "0.18 minutes",
  "model_name": "bmr-410m",
  "test": {
    "map_at_1": 0.05449,
    "map_at_10": 0.11552,
    "map_at_100": 0.14098,
    "map_at_3": 0.08641,
    "map_at_5": 0.10085,
    "ndcg_at_1": 0.41641,
    "ndcg_at_10": 0.31473,
    "ndcg_at_100": 0.28511,
    "ndcg_at_3": 0.37704,
    "ndcg_at_5": 0.34964,
    "precision_at_1": 0.43034,
    "precision_at_10": 0.22693,
    "precision_at_100": 0.06985,
    "precision_at_3": 0.35191,
    "precision_at_5": 0.29783,
    "recall_at_1": 0.05449,
    "recall_at_10": 0.15354,
    "recall_at_100": 0.28675,
    "recall_at_3": 0.09532,
    "recall_at_5": 0.12068
  }
}