{
  "dataset_name": "BEIR_NFCorpus",
  "evaluation_time": "0.05 minutes",
  "model_name": "bmr-7b",
  "test": {
    "map_at_1": 0.06142,
    "map_at_10": 0.13493,
    "map_at_100": 0.16617,
    "map_at_3": 0.0983,
    "map_at_5": 0.11622,
    "ndcg_at_1": 0.4644,
    "ndcg_at_10": 0.35782,
    "ndcg_at_100": 0.31895,
    "ndcg_at_3": 0.41454,
    "ndcg_at_5": 0.3942,
    "precision_at_1": 0.48297,
    "precision_at_10": 0.26254,
    "precision_at_100": 0.07641,
    "precision_at_3": 0.38596,
    "precision_at_5": 0.33994,
    "recall_at_1": 0.06142,
    "recall_at_10": 0.17582,
    "recall_at_100": 0.31645,
    "recall_at_3": 0.10824,
    "recall_at_5": 0.14093
  }
}