{
  "dataset_name": "BEIR_NFCorpus",
  "evaluation_time": "0.1 minutes",
  "model_name": "contriever",
  "test": {
    "map_at_1": 0.05277,
    "map_at_10": 0.11491,
    "map_at_100": 0.1446,
    "map_at_3": 0.08802,
    "map_at_5": 0.10011,
    "ndcg_at_1": 0.39164,
    "ndcg_at_10": 0.31334,
    "ndcg_at_100": 0.29068,
    "ndcg_at_3": 0.36842,
    "ndcg_at_5": 0.34096,
    "precision_at_1": 0.40557,
    "precision_at_10": 0.23467,
    "precision_at_100": 0.07591,
    "precision_at_3": 0.34881,
    "precision_at_5": 0.29412,
    "recall_at_1": 0.05277,
    "recall_at_10": 0.14845,
    "recall_at_100": 0.29799,
    "recall_at_3": 0.1014,
    "recall_at_5": 0.12071
  }
}