{
  "dataset_name": "IIYiPatients-EN",
  "evaluation_time": "21.32 minutes",
  "model_name": "llama",
  "test": {
    "MAP@1": 0.03333,
    "MAP@10": 0.06957,
    "MAP@100": 0.09666,
    "MAP@25": 0.08193,
    "MAP@50": 0.09041,
    "MRR": 0.19617,
    "NDCG@1": 0.10853,
    "NDCG@10": 0.12155,
    "NDCG@100": 0.24522,
    "NDCG@25": 0.16352,
    "NDCG@50": 0.20243,
    "P@1": 0.10853,
    "P@10": 0.05271,
    "P@100": 0.02109,
    "P@25": 0.03876,
    "P@50": 0.02977,
    "Recall@1": 0.03333,
    "Recall@10": 0.16305,
    "Recall@100": 0.59109,
    "Recall@25": 0.27545,
    "Recall@50": 0.40724
  },
  "topk": 100
}