{
  "dataset_name": "MedQA-Diag",
  "evaluation_time": "11.11 minutes",
  "model_name": "llama",
  "test": {
    "MAP@1": 0.02798,
    "MAP@10": 0.08303,
    "MAP@100": 0.10749,
    "MAP@25": 0.09603,
    "MAP@50": 0.10297,
    "MRR": 0.18966,
    "NDCG@1": 0.10169,
    "NDCG@10": 0.13069,
    "NDCG@100": 0.2382,
    "NDCG@25": 0.17558,
    "NDCG@50": 0.20938,
    "P@1": 0.10169,
    "P@10": 0.06441,
    "P@100": 0.02144,
    "P@25": 0.04508,
    "P@50": 0.03288,
    "Recall@1": 0.02798,
    "Recall@10": 0.17025,
    "Recall@100": 0.51616,
    "Recall@25": 0.29198,
    "Recall@50": 0.40309
  },
  "topk": 100
}