{
  "dataset_name": "MedXpertQA-Exam",
  "evaluation_time": "9.59 minutes",
  "model_name": "llama",
  "test": {
    "MAP@1": 0.02268,
    "MAP@10": 0.04836,
    "MAP@100": 0.06144,
    "MAP@25": 0.05511,
    "MAP@50": 0.05852,
    "MRR": 0.10992,
    "NDCG@1": 0.05155,
    "NDCG@10": 0.08012,
    "NDCG@100": 0.15095,
    "NDCG@25": 0.10824,
    "NDCG@50": 0.1255,
    "P@1": 0.05155,
    "P@10": 0.02577,
    "P@100": 0.01041,
    "P@25": 0.02062,
    "P@50": 0.01464,
    "Recall@1": 0.02268,
    "Recall@10": 0.13112,
    "Recall@100": 0.39667,
    "Recall@25": 0.21405,
    "Recall@50": 0.27768
  },
  "topk": 100
}