{
  "dataset_name": "PMC-Treat",
  "evaluation_time": "20.01 minutes",
  "model_name": "llama",
  "test": {
    "MAP@1": 0.20789,
    "MAP@10": 0.31972,
    "MAP@100": 0.33842,
    "MAP@25": 0.33449,
    "MAP@50": 0.33707,
    "MRR": 0.46615,
    "NDCG@1": 0.38,
    "NDCG@10": 0.39272,
    "NDCG@100": 0.45993,
    "NDCG@25": 0.43651,
    "NDCG@50": 0.44873,
    "P@1": 0.38,
    "P@10": 0.098,
    "P@100": 0.0154,
    "P@25": 0.05253,
    "P@50": 0.0284,
    "Recall@1": 0.20789,
    "Recall@10": 0.47556,
    "Recall@100": 0.73011,
    "Recall@25": 0.62033,
    "Recall@50": 0.67344
  },
  "topk": 100
}