{
  "dataset_name": "PMCPatients",
  "evaluation_time": "17.34 minutes",
  "model_name": "llama",
  "test": {
    "MAP@1": 0.12281,
    "MAP@10": 0.21048,
    "MAP@100": 0.23924,
    "MAP@25": 0.22959,
    "MAP@50": 0.23596,
    "MRR": 0.33196,
    "NDCG@1": 0.23684,
    "NDCG@10": 0.27576,
    "NDCG@100": 0.39127,
    "NDCG@25": 0.33545,
    "NDCG@50": 0.3658,
    "P@1": 0.23684,
    "P@10": 0.07368,
    "P@100": 0.01711,
    "P@25": 0.04667,
    "P@50": 0.02895,
    "Recall@1": 0.12281,
    "Recall@10": 0.36038,
    "Recall@100": 0.80775,
    "Recall@25": 0.55556,
    "Recall@50": 0.68202
  },
  "topk": 100
}