{
  "dataset_name": "Stack-Medical",
  "evaluation_time": "6.61 minutes",
  "model_name": "llama",
  "test": {
    "MAP@1": 0.11999,
    "MAP@10": 0.23694,
    "MAP@100": 0.27231,
    "MAP@25": 0.25686,
    "MAP@50": 0.26542,
    "MRR": 0.32526,
    "NDCG@1": 0.19318,
    "NDCG@10": 0.30082,
    "NDCG@100": 0.4415,
    "NDCG@25": 0.36498,
    "NDCG@50": 0.40015,
    "P@1": 0.19318,
    "P@10": 0.09205,
    "P@100": 0.02455,
    "P@25": 0.05682,
    "P@50": 0.0375,
    "Recall@1": 0.11999,
    "Recall@10": 0.39126,
    "Recall@100": 0.90929,
    "Recall@25": 0.60432,
    "Recall@50": 0.72817
  },
  "topk": 100
}