{
  "dataset_name": "Stack-Bioinformatics",
  "evaluation_time": "7.6 minutes",
  "model_name": "llama",
  "test": {
    "MAP@1": 0.15628,
    "MAP@10": 0.27886,
    "MAP@100": 0.31825,
    "MAP@25": 0.30482,
    "MAP@50": 0.31372,
    "MRR": 0.40506,
    "NDCG@1": 0.28571,
    "NDCG@10": 0.36342,
    "NDCG@100": 0.48551,
    "NDCG@25": 0.43601,
    "NDCG@50": 0.4664,
    "P@1": 0.28571,
    "P@10": 0.11039,
    "P@100": 0.02571,
    "P@25": 0.06909,
    "P@50": 0.04442,
    "Recall@1": 0.15628,
    "Recall@10": 0.48805,
    "Recall@100": 0.87441,
    "Recall@25": 0.71133,
    "Recall@50": 0.80322
  },
  "topk": 100
}