{
  "dataset_name": "Stack-Biology",
  "evaluation_time": "7.04 minutes",
  "model_name": "llama",
  "test": {
    "MAP@1": 0.05344,
    "MAP@10": 0.10993,
    "MAP@100": 0.13279,
    "MAP@25": 0.11775,
    "MAP@50": 0.12422,
    "MRR": 0.23666,
    "NDCG@1": 0.16505,
    "NDCG@10": 0.15774,
    "NDCG@100": 0.27512,
    "NDCG@25": 0.181,
    "NDCG@50": 0.21211,
    "P@1": 0.16505,
    "P@10": 0.06019,
    "P@100": 0.02359,
    "P@25": 0.03417,
    "P@50": 0.02563,
    "Recall@1": 0.05344,
    "Recall@10": 0.18726,
    "Recall@100": 0.61934,
    "Recall@25": 0.25269,
    "Recall@50": 0.35939
  },
  "topk": 100
}